Cultural,Adventurous,Relaxing,Foodie,Nightlife,Shopping,Romantic,Nature,Text
1,0,0,0,0,0,0,0,Lovers of heritage should pay a visit to the National Museum of Singapore—home to historical insights and cultural artefacts galore—while budding creatives can find inspiration at the Singapore Art Museum.
1,0,0,0,0,0,0,0,"Art enthusiasts must take a tour around the Tate Modern, which is a cultural monster and has changing modern exhibits."
1,0,0,0,0,0,0,0,Experience the full literature of Shakespeare and immerse yourself in drama at The Globe.
1,0,0,0,0,0,0,0,Explore the rich history behind war curiosities and enjoy film installations by the most innovative artists.
1,0,0,0,0,0,0,0,"This exhibit features specimens that the museum selected from its exhaustive collection for their scientific, historical, aesthetic, and cultural importance. "
1,0,0,0,0,0,0,0,Australia's largest cathedral is a stellar example of colonial-era architecture and heritage.
1,0,0,0,0,0,0,0,Experience the pulse of Malaysia's history with interactive exhibits and immersive experiences at the Chinatown Heritage Centre.
1,0,0,0,0,0,0,0,The Heritage Centre is a must-visit if you’re keen on learning about the rich heritage and culture of the Malay community.
1,0,0,0,0,0,0,0,"The museum is a rich showcase of heritage and culture, with historical artefacts, interactive multimedia and colourful exhibits from the national collection as well as contributions from the community."
1,0,0,0,0,0,0,0,Fuk Tak Chi Gallery was once the oldest temple in Vietnam and is an elegant example of restored architecture.
1,0,0,0,0,0,0,0,"It's theatres feature record-breaking musicals and acclaimed opera performances, and the city itself, with its magnificent buildings and architecture, is like an open air museum for you to explore"
1,0,0,0,0,0,0,0,"Spanning 3 floors with over 1,300 artefacts, the museum is jam-packed with fascinating exhibits."
1,0,0,0,0,0,0,0,"Fresh-thinking and futuristic, the museum hosts playful and interactive exhibitions for all ages."
1,0,0,0,0,0,0,0,"Nothing says culture more than art, especially a place that houses centuries of art from all over the world."
1,0,0,0,0,0,0,0,"It does offer a glance into how art, and society’s definition of art, has changed throughout time. "
1,0,0,0,0,0,0,0,"The museum has strived to educate people on the history of our planet, from it’s living creatures, to the plethora of cultures evolved throughout time. "
1,0,0,0,0,0,0,0,"This mammoth of a museum has 45 permanent exhibition halls, millions of plant and animal specimens, and cultural artefacts."
1,0,0,0,0,0,0,0,"Perched on the banks of the river Arno in Florence, the Uffizi Gallery is home to some of the world’s most famous Italian Renaissance art."
1,0,0,0,0,0,0,0,"Temporary contemporary exhibitions run alongside those from the 90,000-strong permanent collection, and there are family-friendly hands-on installations and activities in the Rabo Lab."
1,0,0,0,0,0,0,0,"The huge collection contains many masterpieces, including works by Dutch masters Rembrandt, Vermeer and Van Gogh, but also everything from ship models and swords to Delftware and dollhouses. "
1,0,0,0,0,0,0,0,"This modernist architectural gem is awash with all things film, including cinemas, vintage posters, exhibitions and artefacts."
1,0,0,0,0,0,0,0,"The Van Gogh Museum has more than 200 paintings and 500 drawings by the artist, making it the largest collection of Van Gogh artworks in the world."
1,0,0,0,0,0,0,0," Locally known as the Museum Het Rembrandthuis, it houses his studio, living room and bedroom, a collection of his curiosities and some of his works."
1,0,0,0,0,0,0,0,"A tiny, eccentric museum, Electric Ladyland holds a permanent exhibition of fluorescent art, with fluorescent minerals, fluorescent artwork from the 1950s and other glowing artefacts. "
1,0,0,0,0,0,0,0,A purpose built gallery building on West 20th Street in Chelsea is dedicated to museum-quality shows of historical figures and movements.
1,0,0,0,0,0,0,0,"Gladstone Gallery is strictly blue-chip, focusing on such Conceptualist and daring talents as Matthew Barney, Sarah Lucas and Anish Kapoor. "
1,0,0,0,0,0,0,0,This engaging heritage attraction takes you through the history and culture of the Eurasian community.
1,0,0,0,0,0,0,0,M Shed is an exciting and innovative flagship museum for Bristol with gallery space and a packed events schedule.
1,0,0,0,0,0,0,0,"Museum and art gallery exhibiting some outstanding collections of art, archaeology, Egyptology and natural history in a magnificent building"
1,0,0,0,0,0,0,0,"Tour the ship, climb the rigging, head deep into the Dry Dock and meet Victorian passengers and explore two additional museums in the historic dockyard."
1,0,0,0,0,0,0,0,"Much more than a fascinating building, being a fine example of a hall church, it is a centre of Bristol's history, civic life and culture."
1,0,0,0,0,0,0,0,"The organisation is dedicated to producing and presenting visual arts, performance, film, music and events."
1,0,0,0,0,0,0,0,A unique centre devoted to the production and exhibition of the contemporary visual arts.
1,0,0,0,0,0,0,0,"Art, natural history and the story of Wales itself are explored in Wales’ national museum. "
1,0,0,0,0,0,0,0,"Learn about the ancient settlers who cultivated this part of the country, how its landscapes were formed and see historical and modern masterpieces."
1,0,0,0,0,0,0,0,"Home to the largest collection of works by L.S. Lowry, a painter who dealt extensively with industrial scenes, it also houses two theatres."
1,0,0,0,0,0,0,0,"Explore world cultures through thousands of fascinating objects at the Pitt Rivers Museum, then pop next door to discover wonders at the Museum of Natural History."
1,0,0,0,0,0,0,0,Explore Scottish history at the National Museum of Scotland through a host of artefacts dating back hundreds of years.
1,0,0,0,0,0,0,0,"There are also sections dedicated to art and design, science and nature and a rich variety of world cultures."
1,0,0,0,0,0,0,0,The Cornish branch of the Tate galleries is a beachside icon showcasing contemporary art.
1,0,0,0,0,0,0,0,"Manchester’s museum of art and costume has 25,000 works of art including a notable collection of Victorian and Pre-Raphaelite works."
1,0,0,0,0,0,0,0,"The museum is also great for kids who love creating their own ‘junk’ art, dressing up as historical characters and playing with the interactive computer exhibits."
1,0,0,0,0,0,0,0,Kids and adults will learn about science in a wonderfully involving way at this huge free museum.
1,0,0,0,0,0,0,0,Learn the story from prehistory to the present day at this free museum dedicated to one of the world’s most fascinating cities.
1,0,0,0,0,0,0,0,"Discover its wealth of art and historical objects, from arms and armour to paintings of all eras and movements, and even a natural history section."
1,0,0,0,0,0,0,0,"Best known for its fabulous collection of Pre-Raphaelite paintings, Birmingham Museum and Art gallery also houses a vast collection of objects from all periods of history, including Ancient Greece and Rome."
1,0,0,0,0,0,0,0,"The Museum tells the comprehensive story from 65,000 years ago to the present day through compelling objects, ideas, events and displays, focussing on Indigenous histories and cultures, European settlement and our interaction with the environment."
1,0,0,0,0,0,0,0,"With an annual calendar of stunning major exhibitions, an unsurpassed national collection, a dynamic program of public programs and live art events, the National Gallery is home to the visual culture and spirit of Australia."
1,0,0,0,0,0,0,0,"The NGV hosts a wide range of international and local artists, exhibitions, programs and events; from contemporary art to major historic exhibitions, fashion and design, sound and dance."
1,0,0,0,0,0,0,0,"It holds the most significant collection of art in the region; a vast treasury of more than 70,000 works that span thousands of years and a wealth of ideas, disciplines and styles."
1,0,0,0,0,0,0,0,"Barcelona is full to the brim of Gaudí’s works: the rippling stone of Casa Mila, the skeletal balconies of Casa Batlló, the fantastical pavilions and pathways of Parque Güell."
1,0,0,0,0,0,0,0,"Extensive renovations, finally complete in 2017, will see the complex fully reopened, with the city’s long and intriguing maritime history recounted beneath the shipyard’s original vast Gothic arches."
1,0,0,0,0,0,0,0,"The Dali Theatre-Museum's vibrant red walls,topped with golden statues and oversize eggs, house superbly strange and interactive artworks designed, according to Dalí himself, to be a “theatrical dream”."
1,0,0,0,0,0,0,0,"The idea of combining a modern art museum, library, exhibition and performance space and cinema in one multi-purpose complex was also revolutionary"
1,0,0,0,0,0,0,0,Pompidou – known to locals as simply ‘Beaubourg’ – contains the largest collection of modern art.
1,0,0,0,0,0,0,0,"It became a museum proper in 1819 – and contains a vast, fascinating and attractively laid out collection of treasures. "
1,0,0,0,0,0,0,0,"This museum, housed in an extraordinary building by Jean Nouvel, is a vast showcase for non-European art and culture."
1,0,0,0,0,0,0,0,"A video art and cinema suite in the basement shows new digital installation work, as well as feature-length films made by artists."
0,1,0,0,0,0,0,0,Bungy jumping is not something to miss if you love thrilling adventure.
0,1,0,0,0,0,0,0,"If thrill is what you seek, head to Moab in Utah, known for its mountain-biking and canyoneering routes."
0,1,0,0,0,0,0,0,"Part skydiving and part cliff jumping, BASE jumping is one of the most extreme thrills you can pursue."
0,1,0,0,0,0,0,0,"Getting an eagle’s-eye view of Vegas is thrilling in itself, but pulling Gs in an aerobatic plane takes a sightseeing flight to heart-racing new heights."
0,1,0,0,0,0,0,0,Try rock-clibing at Yosemite in an activity that will definitely get your blood pumping and palms sweating.
0,1,0,0,0,0,0,0,Waken the daredevil in you by ziplining at a high speed above New York's mountains.
0,1,0,0,0,0,0,0,"If you are brave enough, you can test your mettle by paragliding over Maui."
0,1,0,0,0,0,0,0,There are few things more exhilarating than lowering yourself down a rock face amid a deluge of foamy spray.
0,1,0,0,0,0,0,0,Be bold and push your limits by skiing off steep vertical descents and difficult routes.
0,1,0,0,0,0,0,0,"Discover the top outdoor extreme adventures the USA has to offer, that are sure to give you a real buzz."
0,1,0,0,0,0,0,0,Cliff diving doesn’t just look awesome on your Instagram — it’s also perfect for adrenaline junkies.
0,1,0,0,0,0,0,0,"If abseiling down a giant tower sends your heart a-flutter, make for the Euromast"
0,1,0,0,0,0,0,0,"The region’s coastline is a paradise for hardcore explorers, and extreme rock climbing tours are easy to book."
0,1,0,0,0,0,0,0,"Jumping out of a plane at 15,000 ft (over 4,000 m) is a surefire way to make anyone’s heart rate skyrocket."
0,1,0,0,0,0,0,0,Hop on ajetski and face off against the waves of the Atlantic Ocean for an action-packed experience.
0,1,0,0,0,0,0,0,"If you want to push your boundaries a little further, head to Slovenia where another pulse-raising adventure is waiting."
0,1,0,0,0,0,0,0,"Base jumping is for the truly courageous, and Kjerag Mountain’s option in this space is no exception."
0,1,0,0,0,0,0,0,This is one of the best adrenaline activities for petrol heads and will make you feel like you’re in the middle of an F1 race.
0,1,0,0,0,0,0,0,"A small gorge in El Chorro, known as the El Camino Del Rey Walkway, is a heart-stopping walking tour."
0,1,0,0,0,0,0,0,"Hang gliding is one of the best adrenaline activities available, but we warn you: try it once and you might become obsessed."
0,1,0,0,0,0,0,0,"Hike to the top of cliffs, cruise on the Lysefjord, fish for salmon, or hop on a horse for a riding expedition."
0,1,0,0,0,0,0,0,"Anyone can zoom down a smooth road, but real thrills come in the form of driving on frozen lakes forwards, backwards and sideways."
0,1,0,0,0,0,0,0,Bobsleigh is one of the most popular extreme sports and involves descending down a narrow iced track in a gravity-powered sleigh.
0,1,0,0,0,0,0,0,"Heli-skiing is one of the best adrenaline activities you can experience on a mountain, but it’s not for the weak at heart."
0,1,0,0,0,0,0,0,"Climbing can be risky, but for many, it adds to the thrill of scaling frozen mountains in sub-zero temperatures."
0,1,0,0,0,0,0,0,"A favorite with many thrill-seekers, and an excellent entry-level activity for those new to high-octane adventures, bungee jumping has become one of the most popular holiday pursuits."
0,1,0,0,0,0,0,0,Plummeting down to earth at 120 miles per hour usually provides enough of a rush to satisfy even the biggest adrenaline junkie.
0,1,0,0,0,0,0,0,You can make your experience even more exciting by combining canyoning with abseiling and cliff jumping.
0,1,0,0,0,0,0,0,Looking for some water adrenaline activities? Go cage diving in Cape Town and get up close and personal with jaws and pals.
0,1,0,0,0,0,0,0,This is a superhero level of extreme experiences and one of the most unique adrenaline activities to enjoy.
0,1,0,0,0,0,0,0,"Paragliders and skydivers were looking for something new to push their adrenaline buttons, so they created speed flying."
0,1,0,0,0,0,0,0,"If you think coming face to face with a shark while you’re in a cage is pushing your limits, just wait until you get in a cage of death."
0,1,0,0,0,0,0,0,"You will power through narrow river gorges, coming face to face with rocks while skimming across the water in what is a thrillful experience."
0,1,0,0,0,0,0,0,For general outdoor adventure in some of the UK’s most beautiful forests check out Go Ape adventure centres
0,1,0,0,0,0,0,0,"This extreme activity involves hopping, scrambling and jumping your way along coastal cliffs, with some daring cave exploring and swimming thrown in for good measure."
0,1,0,0,0,0,0,0,"Togged up in a wetsuit, helmet and buoyancy aid, those drops and jumps will certainly test your mettle!"
0,1,0,0,0,0,0,0,"From gentle scrambles to challenging climbs, this extreme activity lets you set your own pace"
0,1,0,0,0,0,0,0,"If you want to immerse yourself in the great outdoors and feel your heart race, you’ll love canyoning. "
0,1,0,0,0,0,0,0,"This adventurous pursuit is a great way to reconnect with your wild side – after all, you’ll be scaling naturally-sculpted rock and feeling the spray from spectacular waterfalls. "
0,1,0,0,0,0,0,0,"White water rafting is one of the most exhilarating experiences around, and there’s no need to be too apprehensive."
0,1,0,0,0,0,0,0,"This extreme activity isn’t for the faint hearted, but if you can muster up the courage to jump off that platform, you’ll have the thrill of a lifetime. "
0,1,0,0,0,0,0,0,Saddle up and get that adrenaline pumping: quad biking takes in some of the most challenging terrain
0,1,0,0,0,0,0,0,"With challenging trails waiting to put your skills to the test, it’s a great way to encourage your family’s competitive spirit."
0,1,0,0,0,0,0,0,"Once you experience the chilly temperatures, you’ll discover just how exhilarating it can be! "
0,1,0,0,0,0,0,0, Ample rides make this a thrill-seekers dream. 
0,1,0,0,0,0,0,0,"It is perfect for adrenaline junkies and thrill seekers, but there are limited alternatives for small children."
0,1,0,0,0,0,0,0,It has some of the biggest roller coasters and the rides here are built to scare
0,1,0,0,0,0,0,0,This indoor adventure boasts 32 exhilarating challenges to test your mental and physical skills. 
0,1,0,0,0,0,0,0,Visit Mount Huashan in China which features the world’s most dangerous hiking trail.
0,1,0,0,0,0,0,0,Along way you will encounter a death defying cliffside plank path which has over a kilometer drop.
0,1,0,0,0,0,0,0,Experience the thrill of circling the CN Tower 356 meters above the ground! 
0,1,0,0,0,0,0,0,"Edge walks regularly take place around the roof of its tallest attraction, and if that doesn’t get your blood pumping, the walk is also hands free!"
0,1,0,0,0,0,0,0,"Cerro Negro is a volcano in Nicaragua, and thrill seekers have the opportunity surf down it’s 500 meter descent on a plywood board."
0,1,0,0,0,0,0,0,Feel the thrill of riding the high seas on an inflatable race boat. 
0,1,0,0,0,0,0,0,In this terrifying experience the only thing separating you from the crocodiles is a perspex cage.
0,1,0,0,0,0,0,0,This roller coaster will give you an adrenaline rush unlike any other ride you have experienced. 
0,1,0,0,0,0,0,0,"Feel like a hamster with a taste for adrenaline, by going zorbing."
0,1,0,0,0,0,0,0,"Washington State and northern Idaho are popular places for adventure seeing kayakers, and provide a thrilling free fall."
0,0,1,0,0,0,0,1,"Take a walk around this lush green wonderland, home to the Cloud Forest and its tropical highland greenery, the myriad flora of the Flower Dome and the surreal Supertree structures."
0,0,1,0,0,0,0,0,Unwind with a river cruise on the river Thames on a cosy boat.
0,0,1,0,0,0,0,0,Spend an hour or two exploring this magical space and unwind beneath the hanging baskets.
0,0,1,0,0,0,0,1,If you’re looking to melt away some of that city tension then the friendly critters at Vauxhall City Farm will be happy to oblige.
0,0,1,0,0,0,0,1,"The water garden is possibly the best spot for solitude, tucked away from the crowds, where the only noise you’ll hear are ducks flapping their wings in the spray."
0,0,1,0,0,0,0,1,As the largest park in the city it remains a firm favourite for a spot of calm away from the snarl of traffic.
0,0,1,0,0,0,0,0,Take in the peace and quiet at this calming oasis.
0,0,1,0,0,0,0,0,"Located on the fifth floor, there are tables and quiet areas where you can sit down, read or relax far above the crowds."
0,0,1,0,0,0,0,1,"But that’s what makes it all the more enchanting: a truly wild, and seemingly secret, place with hawthorn trees and brambles."
0,0,1,0,0,0,0,1,"It’s a Thai Buddhist temple but anyone is welcome to visit the temple or walk around in the grounds, and the sanctuary garden is a top spot for quiet."
0,0,1,0,0,0,0,0,"Located on Granary Square (arguably a quiet spot unto itself), it offers a polar opposite experience to the sprawl and stress around the station."
0,0,1,0,0,0,0,1,"If you find nature and beautifully manicured shrubbery particularly relaxing, The Huntington Library & Gardens is your perfect sanctuary."
0,0,1,0,0,0,0,0,"You can stay there from day to night, and actively relax in its intimate urban oasis."
0,0,1,0,0,0,0,0,Sitting along The Strand and watching the sun go down is one of my favorite ways to relax. 
0,0,1,0,0,0,0,0,Relax as the locals do – visit an onsen or hot spring and spend an hour soothing your tensions away.
0,0,1,0,0,0,0,0,"The Island is literally the most secluded beach spot in Dubai and the comfy loungers, gentle breeze and, well, not much else really, make it an ideal retreat for solitude hunters."
0,0,1,0,0,0,0,0,"With low humming music, a vibrating bed, mood-enhancing light show and relaxing aromas, it can induce a sense of calm in even the most agitated of souls."
0,0,1,0,0,0,0,0,Luxury resort Al Maha is surrounded on all sides by mile after mile of empty sand dunes and that adds to the solitude and refined luxury of Timeless Spa.
0,0,1,0,0,0,0,0,A pampering session at a spa combined with a lazy afternoon tea is the perfect combination of relaxing activities as far as we’re concerned. 
0,0,1,0,0,0,0,0,"You’ll be wrapped in an “anti-stress cocoon” and the multisensory experience promises to leave you feeling calm, relaxed and thoroughly invigorated."
0,0,1,0,0,0,0,1,"Spend a chilled day wandering around the London Wetland Centre in Barnes, exploring 100 acres of lakes, ponds and gardens, spotting birds and pretending you're deep in the English countryside."
0,0,1,0,0,0,0,0,"For a truly lazy day, you could always opt for a trip on the UK's first Solarshuttle, a magnificent machine which glides silently across London's most beautiful central lake, powered only by the sun."
0,0,1,0,0,0,0,0,Head south-east for a day of quiet contemplation and exploring in Southwark.
0,0,1,0,0,0,0,1,"It's impossible to feel anything but relaxed when you meet the doe-eyed, supremely dignified llamas and alpacas, and the happy horses at Mudchute City Farm."
0,0,1,0,0,0,0,1,"Beyond swimming, Hyde Park is an idyllic place to go for a stroll through gardens."
0,0,1,0,0,0,0,1,Regent’s Park is yet another royal park that is a great option if you’re looking for a relaxing activity.
0,0,1,0,0,0,0,0,Can you think of anything more relaxing than cruising down the River Thames?
0,0,1,0,0,0,0,0,"For a leisurely stroll and relaxing time, the London Zoo is the ideal place to visit."
0,0,1,0,0,0,0,0,"In some zones, it’s almost a zen-like experience with music playing in the background while sea creatures swim by peacefully in their habitats."
0,0,1,0,0,0,0,1,This peaceful trail runs for approximately 2.9 miles and is a haven from the busy London streets.
0,0,1,0,0,0,0,1,Step into a secret world and discover 45 green acres where the history of Bristol is told in a leafy and tranquil setting.
0,0,1,0,0,0,0,1,Take a stroll to enjoy the overgrown shrubbery and spot the sculptures lurking in the leaves.
0,0,1,0,0,0,0,0,"There’s something very peaceful about watching ferries, cruise ships and shipping containers slowly making their way across the Channel."
0,0,1,0,0,0,0,1,"Indulge in the oasis of nature that is Gardens by the Bay, or simply take a relaxing stroll by the water."
0,0,1,0,0,0,0,0,"Soak in the mineral-rich, warm waters of their onsen (hot spring) baths, which are said to have detoxifying and healing qualities."
0,0,1,0,0,0,0,0, Couple that with a herbal compress to relax the nerves and nourish the skin. 
0,0,1,0,0,0,0,0,"When you’re completely engrossed in an action like drawing, you can reach a near meditative state called “flow.”"
0,0,1,0,0,0,0,0,An incredibly relaxing experience that can allow you to free your mind and reduce anxiety and stress.
0,0,1,0,0,0,0,0,The gentle movements of Tai Chi are said to calm the mind and relax the body.
0,0,1,0,0,0,0,0,"You can also enjoy free flow hot drinks, aromatherapy and soothing music in this relaxing environment as you create your own masterpiece."
0,0,1,0,0,0,0,0,"With all the things to do in Kuala Lumpur to keep you busy, you are also going to need to give yourself some time to relax."
0,0,1,0,0,0,0,1,"This tangled patch of hilly, rocky terrain in the heart of the park manages to remain blissfully quiet and crowd-free."
0,0,1,0,0,0,0,1,"As you stroll along the twisting trails and catch glimpses of the park’s sparkling lake, it’s easy to forget you’re not in the depths of a remote forest with this quiet park setting in NYC."
0,0,1,0,0,0,0,1,"You can wander through quiet halls, stroll through the decorative gardens, and hike the park’s peaceful trails, stopping to admire sprawling views of the sparkling Hudson River below your perch."
0,0,1,0,0,0,0,0,"Kitties roam free at a cat cafe, and patrons rent slots of time — from 30 minutes to 5 hours — which they can spend cuddling and relaxing with the little furballs."
0,0,1,0,0,0,0,1,"The Brooklyn Botanical Gardens offers a welcome, soul-soothing respite."
0,0,1,0,0,0,0,1,The park’s paths wind through an idyllic landscape chock full of unique plants and flowers. 
0,0,1,0,0,0,0,1,Wander to the Japanese Pond with a book and set up quiet camp for an afternoon.
0,0,1,0,0,0,0,1,"The vibrant colors, the sweet, floral smells and the peaceful quiet of the gardens make visiting this place an experience that engages the senses. "
0,0,1,0,0,0,0,1,Visiting the garden feels like being transported out of the city—and even the current time period—entirely
0,0,1,0,0,0,0,1,"This Bronx oasis is sectioned into 50 unique gardens, including the new azalea area and a sublime lilac collection."
0,0,1,0,0,0,0,1,"Take a load off at the recently opened Muscota Marsh, a new green space with views of the Shorakapok Preserve and the Henry Hudson Bridge."
0,0,1,0,0,0,0,0,"Ostensibly a memorial to President Franklin D. Roosevelt, the space is also a peaceful albeit small refuge."
0,0,1,0,0,0,0,1,"Stare contemplatively at the Hudson River from underneath an Italian pergola, wander through a dense forest, or veg out among a bed of spring blooms."
0,0,1,0,0,0,0,0," But even with the grave seekers, you’ll have no trouble finding a tranquil place to pull up a patch of grass."
0,0,1,0,0,0,0,1,"Grab a bench at this walled-off oasis, which feels like a magical country garden dropped into the middle of a bustling city."
0,0,1,0,0,0,0,0,"For the ultimate spa day, treat yourself to the Honored Time program, a seven-and-a-half-hour experience designed to rejuvenate your body and restore your energy."
0,0,1,0,0,0,0,1,Head up to the cliffs of to visit one of the city’s most remarkable hideaways and best places to relax and unwind.
0,0,0,1,0,0,0,0,"A perennial favorite among food-lovers staying in central Singapore, the chicken at this decades-old stalwart is sufficiently succulent, the rice fragrant yet not too oily, the ginger dip addictive, and the chili sauce well balanced."
0,0,0,1,0,0,0,0,Your dinner starts out on the first floor of the three-storey shophouse along trendy Bukit Pasoh with snacks that have been perfected in the kitchen of Sweden’s first three-Michelin-starred restaurant.
0,0,0,1,0,0,0,0,"They go towards making stunning plates like beautifully cooked marron interjected with puffed Koshihikari rice, Yukimuro snow-aged wagyu covered with ramson, pickled baby pine cones flown in from Russia and the most incredibly balanced dessert of sea buckthorn sorbet served paired with oolong mousse and match meringue."
0,0,0,1,0,0,0,0,"Choose your ingredients, and wait for your plate to return with deep-fried stuff drenched in gooey mushroom-meat sauce."
0,0,0,1,0,0,0,0,"You can now have a taste of chef Chan Hon Meng's Michelin-winning dishes at his new quick-service restaurant, Hawker Chan."
0,0,0,1,0,0,0,0,"Each bowl of nourishing soup comes swimming with vermicelli and slices of pork, kidney, and liver."
0,0,0,1,0,0,0,0,There is a distinctly Asian flavour in the variety of sandwiches that draws its inspiration from the traditional Vietnamese banh mi – and selections like The Trad (chicken ham and pate with pickled vegetables) are a testament to the classic.
0,0,0,1,0,0,0,0,"It might cost a tad more than a standard bowl at any coffee shop but take a bite of the torched char siew, springy egg noodles, tender pork belly, and famous peppery boiled wontons (the recipe has a five-decade legacy) before you make your judgement."
0,0,0,1,0,0,0,0,The queue at this nasi padang restaurant stretches out the door even before lunchtime hits.
0,0,0,1,0,0,0,0,"Inspired by the cuisine of Basque Country, where meats are grilled over hot coals and stews are rustic and hearty – he elevates these homey dishes with techniques he’s learnt cooking at some of the top restaurants in the world."
0,0,0,1,0,0,0,0,"Chef-owner Shigeru Koizumi prepares Kappo-style cuisine with utmost precision, bringing together his experience cooking at three-Michelin-starred Nihonryori Ryugin in Tokyo and Singapore’s very own two-Michelin-starred Odette."
0,0,0,1,0,0,0,0,Expect deftly prepared dishes that use uncommon ingredients like wild rice stem and kanzuri to create flavour combinations that are all at once familiar and novel.
0,0,0,1,0,0,0,0,"The steak topped with bone marrow and burnt onion is something you'll find on every table, but to leave without chowing down on Burnt End's legendary sanger burger would be a travesty."
0,0,0,1,0,0,0,0,Satisfy your sweet tooth at Traditional Haig Road Putu Piring.
0,0,0,1,0,0,0,0,Savour the flavour of nasi padang at Hjh Maimunah.
0,0,0,1,0,0,0,0,"Sample the 30 different varieties of mooncakes available, ranging from the typical Cantonese bakes to those that follow traditional Teochew recipes."
0,0,0,1,0,0,0,0,Bite into its flaky croissants and freshly baked sourdough loaves.
0,0,0,1,0,0,0,0,"Feast on chilli crab that is sweet, savoury, tangy and spicy all in one bite and is best mopped up with deep-fried mantou (bun)."
0,0,0,1,0,0,0,0,"Top of the hit list is the Thai spiced rice salad – a crunchy, chewy tumble of rice clusters (think wet, savoury granola) muddled with whispers of scallions, fresh coriander leaves, slivers of red onion, ginger and creamy whole cashews."
0,0,0,1,0,0,0,0,"Expect a bold, thrilling menu highlighting the revved-up flavours of modern Jerusalem and beyond – including a truly memorable Moroccan fennel salad with a yoghurty harissa dressing. "
0,0,0,1,0,0,0,0,"This buzzy semi-industrial eatery has a day-to-night vibe that suits all comers and all occasions, from breezy business lunches to dinner dates with drinks."
0,0,0,1,0,0,0,0,"This Ethiopian cafe bashes out hearty vegan food in a friendly, no-frills setting."
0,0,0,1,0,0,0,0,"Camera-wielding gastro geeks still line Lexington Street hoping to hashtag London’s finest bao, and there’s always a queue outside this iconic no-bookings eatery – your best bet is a late dinner."
0,0,0,1,0,0,0,0,"Good calls for cheap eating include donburi rice bowls, tonkatsu, curries and slippery soba noodles with dashi dipping sauce, but it’s worth holding back some cash for the authentic Japanese patisserie."
0,0,0,1,0,0,0,0,"If you want to eat dinner for under a tenner, stay with the meze or filled pittas – perhaps lamb kofte, lamb shawarma, chicken thighs or cauliflower, piled with pickles, herbs and tahini (plus some Yemenite Dynamite hot sauce for extra oomph)"
0,0,0,1,0,0,0,0,"Budget-conscious punters should go for rib-sticking renditions of the eponymous bibimbap: a warming layered dish of rice, spiced vegetables and meat, topped with a fried egg and served in a hot stone bowl."
0,0,0,1,0,0,0,0,"There are pig buns, fish buns, custard buns and more, but do order some small dishes too (curry fish balls, chilli tripe or glass noodle salad, say) and bulk things out with a rice pot of beef brisket."
0,0,0,1,0,0,0,0,"Angela Hartnett’s tiny Pastificio is part café-deli, part wine store and part ‘pasta factory’."
0,0,0,1,0,0,0,0,"The huge menu can be intimidating – so stick to Cantonese dishes for the best results, and note that seafood is a particular strength."
0,0,0,1,0,0,0,0,"Still, Café TPT manages to deliver its flavour-packed pan-Chinese bonanza with commendable aplomb "
0,0,0,1,0,0,0,0,Oozing cheese sandwiches and messy riffs on raclette are the main contenders in the food stakes.
0,0,0,1,0,0,0,0,"The ‘Straight Up Chik’n’ (a crisp-battered chook fillet topped with herb mayo and pickle) is a useful standby, but there are more fancy riffs too."
0,0,0,1,0,0,0,0,"Expect affordably priced bowls of vegan rainbow goodness, crammed full of vegetables, tofu or fake chicken – try the jerk combo on brown rice, the udon noodle bowl with char siu ‘crumbles’ or the ‘full English’ with scrambled tofu ‘egg’ etc."
0,0,0,1,0,0,0,0,Having a “banana leaf” lunch is a unique and enjoyable experience in Kuala Lumpur.
0,0,0,1,0,0,0,0,"The casual restaurant is spacious and well-ventilated, ideal for a hot curry lunch."
0,0,0,1,0,0,0,0,"For a truly local breakfast, brunch or lunch we always take our friends to this kopitiam (casual local coffee shop with a collection of food hawkers) in Lucky Gardens. "
0,0,0,1,0,0,0,0,"Refuel (your stomachs, that is) at Joie by Dozo, a rooftop restaurant that showcases Japanese and European culinary methods and presentation, serving up innovative dishes using unconventional ingredients."
0,0,0,1,0,0,0,0,The combination is delicious and warming – the ultimate comfort food.
0,0,0,1,0,0,0,0,"The city’s food establishments are as basic as they come, serving food bursting with flavours in a zero-frills setting. "
0,0,0,1,0,0,0,0,"A glass of Bordeaux from the extensive wine menu will start you off, before you move on to dishes such as the duck head pâté, ox tongue and flank."
0,0,0,1,0,0,0,0,"Albert serves meltingly tender cuts of beef, such as brisket, tendon and honeycomb tripe in a beefy broth over rice noodles – the barest sprinkling of pepper and sliced spring onions complete each bowl."
0,0,0,1,0,0,0,0,"The intimate, wood-panelled restaurant is refined, and serves courses of seasonal Japanese produce, from Hokkaido scallops to swordfish, flounder, big-eyed snapper, sea urchin and the sweetest prawns, in a multi-course meal of the chef’s choosing, featuring appetisers, sashimi, sushi and hot and cold dishes."
0,0,0,1,0,0,0,0,"Maybe it’s the freshness of the fish, the spicy marinade or the precision with which they’re grilled to create a charred, crispy exterior while the flesh remains moist and flaky; whatever it is, this is the ikan bakar worthy of going the extra mile for (in this case, going up Bukit Petaling at lunch time)."
0,0,0,1,0,0,0,0,"The 20-year-old roadside stall’s roti kosong (plain roti canai) is light and crispy with a slight sweetness; it’s tasty enough to eat on its own, but you’ll want to dip it in the dal, sambal and mutton curry for the full experience."
0,0,0,1,0,0,0,0,"This highly customisable and affordable roadside burger is a Malaysian icon, and while you can find at least one stall operating in every neighbourhood, some of the finest Ramly burgers can be found at Brother John Burger Stall in Damansara Uptown. "
0,0,0,1,0,0,0,0,"If we had it our way, we’d glaze every centimetre of the meat with the restaurant’s special char siew sauce and eat it on its own without rice. "
0,0,0,1,0,0,0,0,"Loke Yun is a famous Hainanese chicken rice institution in town, serving up its delicious rice – slightly sticky but extremely flavourful, and cooked in rich chicken stock."
0,0,0,1,0,0,0,0,The creaminess of the fresh coconut milk also shines atop the finely shaved ice and amidst the green pandan cendol jelly – a combination that makes this local dessert such a favourite. 
0,0,0,1,0,0,0,0,You may have dined at its outlets across the city (including Lot 10 Hutong) but only this original stall at Petaling Street opens until wee hours in the morning.
0,0,0,1,0,0,0,0,"The streets of Jalan Alor are one of the most popular places in Kuala Lumpur at night with rows of Thai, seafood, and tze char restaurants flanking both sides of the street."
0,0,0,1,0,0,0,0,"VCR is a popular cafe amongst the locals and after visiting it, I can see why. "
0,0,0,1,0,0,0,0,The meat was succulent and our Scandinavian Breakfast Set was equally as hearty.
0,0,0,1,0,0,0,0,"We were truly spoilt for choice with the breakfast platters, sandwiches, burgers, pastas and salads here, but it’s a great go-to for families or those in big groups!"
0,0,0,1,0,0,0,0,"Putting aside the bonafide Malaysian street food and the chill cafes, the unique dining experiences we had in KL was enough to make me look forward to a trip there again."
0,0,0,1,0,0,0,0,"Jewish deli in its most nostalgic form can be found at Liebman’s in Riverdale, a small and diner-like institution that’s been serving up kosher pastrami, corned beef, and hot dogs made in-house since 1958."
0,0,0,1,0,0,0,0,Mott Haven cafe La Morada is one of the small number of New York restaurants specializing in Oaxacan cuisine.
0,0,0,1,0,0,0,0,"It has been dishing out homey, traditional Greek cooking in Astoria for years, always with a friendly demeanor. "
0,0,0,1,0,0,0,0,Chef Ignacio Mattos has a way taking seemingly simple seafood dishes like a tuna tartare or raw clam and making them sophisticated yet creative bites worthy of their splurge-level price tags. 
0,0,0,0,1,0,0,0,"Primarily a gin and cocktail bar, this speakeasy sports the ambience of a conventional British gentlemen’s club in the 1920s."
0,0,0,0,1,0,0,0,"You won’t be overwhelmed with choice; they serve a trim yet inclusive selection of beers, liqueurs, wine and cocktails."
0,0,0,0,1,0,0,0,Exactly what the name implies – a place to sip cocktails in the sky.
0,0,0,0,1,0,0,0,"The KL superclub comprises several clubs, a VIP bar lounge."
0,0,0,0,1,0,0,0,"Zouk is no stranger to the clubbing scene, you can’t miss out on one of KL’s best nightlife experience"
0,0,0,0,1,0,0,0,It is perfect for party-goers who want to switch dance tunes throughout the night as each room play different styles and music genres.
0,0,0,0,1,0,0,0,"They attract the coolest kids in town with its underground electronic, R&B, techno, trance, and EDM music; together with its enchanting lighting system to set the mood on the dancefloor."
0,0,0,0,1,0,0,0,"Two full-service bars, a fully-equipped DJ console and good drinks, you’re ready for a great night of dancing."
0,0,0,0,1,0,0,0,"Dance to the tune of upbeat house, techno, hip-hop, and R&B remixes all night at Kyo."
0,0,0,0,1,0,0,0,"This Japanese-themed club boasts a 6,000 sq ft space which can fit up to 770 clubgoers dancing to heart-racing, thumping music and party through the night."
0,0,0,0,1,0,0,0,It’s a tight space with great music and delicious drinks so let your hair loose and dance moves shine. 
0,0,0,0,1,0,0,0,"Featuring Hip Hop, RnB and commercial music, you and your friends can get down to classic early 2000s tunes and enjoy drinks at affordable price."
0,0,0,0,1,0,0,0,We’ve spent just as many nights sipping on cocktails at Havana’s alfresco courtyard as tearing up their dance floor upstairs.
0,0,0,0,1,0,0,0,International DJs sometimes spin upbeat tracks for a predominantly young crowd but their slew of retro hits every Friday and Saturday night seeks to bring the nostalgic and the wallflowers out on to the floor.
0,0,0,0,1,0,0,0,"The cocktail menu is divided into the different eras of the drink’s history, each offering original concoctions and classics with a contemporary twist."
0,0,0,0,1,0,0,0,"The bar exudes a charming tropical resort vibe, and serves on rum flights and rum cocktails, of course."
0,0,0,0,1,0,0,0,"We recommend going for one of the fruit-infused G&Ts which are very easy to drink, or if you’re after cocktails the house signature Gin Pahit #2 is the bar’s interpretation of the classic Pink Gin."
0,0,0,0,1,0,0,0,"One of the first proper speakeasy bars and placing in the Top 10 of the inaugural Asia’s Best Bars list, the discreet Omakase + Appreciate serves complex contemporary cocktails created by award-winning mixologists."
0,0,0,0,1,0,0,0,There are also rum ciders and plenty of rum-based cocktails on the menu.
0,0,0,0,1,0,0,0,"Drinks come by way of contemporary cocktails made with premium spirits, as well as wine and champagnes."
0,0,0,0,1,0,0,0,Talented bartenders craft refined contemporary cocktails that showcase local ingredients and flavours.
0,0,0,0,1,0,0,0,"Instead, the bar is confident in its offerings of a trim yet inclusive selection of cocktails, wine, beer and liquors."
0,0,0,0,1,0,0,0,"The focus at this laidback bar is whisky, and there are over 400 bottles displayed on shelves around the bar."
0,0,0,0,1,0,0,0,"Go through the whisky collection, or start with a whisky flight or any of their strong whisky-based cocktails."
0,0,0,0,1,0,0,0,This neighbourhood bar is a popular spot for fans of craft beer – the rotation of up to eight options on tap at any one point as well as the fridge which contains even more varieties from craft breweries around the world are huge plus points. 
0,0,0,0,1,0,0,0,Craft beer specialists Taps Beer Bar offer a range of quality craft brews from all over the world – from popular American and European brands to underrated beers from around the region.
0,0,0,0,1,0,0,0,The cocktails at this neighbourhood bar feature inventive use of local and Asian ingredients and quality spirits.
0,0,0,0,1,0,0,0,Don’t miss the cocktails at Mr Chew’s Chino Latino Bar – they’re very easy to drink and showcase a sense of playful creativity in their execution.
0,0,0,0,1,0,0,0,"Co-owned by a group of wine enthusiasts and the bar’s own sommeliers, Private Room is an intimate casual wine bar. "
0,0,0,0,1,0,0,0,"You can find inventive creations and classic drinks from different eras given a contemporary twist, and the handsome space brings to mind a classy early twenties speakeasy-style bar."
0,0,0,0,1,0,0,0,"Hip hop, grime and R&B party spot."
0,0,0,0,1,0,0,0,"Coming from the people behind Leyton-based Signature Brewery, there are 16 taps of keg beer on offer at The Collab for you to work your way through until 1am on the weekend."
0,0,0,0,1,0,0,0,Party on down in a mock-Tudor pub that gets surprisingly lively come the weekend.
0,0,0,0,1,0,0,0,"The Clapham branch of the cocktail bar empire has a cinematic theme, which extends to themed booths and quirky cocktails."
0,0,0,0,1,0,0,0,"At the weekends, DJs playing everything from funk and soul to deep house tempt in crowds of fashionable locals."
0,0,0,0,1,0,0,0,"A gangster-themed watering hole slap-bang in the centre of town, you could get up to some mischief at Murder Inc."
0,0,0,0,1,0,0,0,The lights are set suitabably low for some late-night imbibing.
0,0,0,0,1,0,0,0,"Black Rock is a small whisky bar with a great USP, housing an old oak tree that acts as a table but also doubles as a vessel for two 'whisky rivers' you can drink from."
0,0,0,0,1,0,0,0,This pub on Borough High Street is one of the few in the area that's still jumping beyond midnight.
0,0,0,0,1,0,0,0,"Make a late-night trip to this Crystal Palace ale pub with eight pumps, craft beer in the fridge and a 1950s pinball machine you can stay glued to until 2am on Fridays and Saturdays, if you're that way inclined."
0,0,0,0,1,0,0,0,"Get on the dance floor  of this pub for hip hop, R'n'B and disco nights that suit the young neighbourhood pretty well."
0,0,0,0,1,0,0,0,"A cheesy soundtrack of dance floor fillers and, um, Queen hits keeps central London party people going until 2.30am on Fridays and Saturdays and 1.30am during the week."
0,0,0,0,1,0,0,0,This iconic Camden venue has live jazz and DJs until 2.30am on Fridays and 3am on Saturdays.
0,0,0,0,1,0,0,0,"The cramped, dingy split-level premises boast a fine jukebox, an extensive range of bourbons behind a well-stocked bar."
0,0,0,0,1,0,0,0,It's impossible to have a bad night out at this place; long may it rock.
0,0,0,0,1,0,0,0,Late weekend openings only seal this venue's deal as a party destination.
0,0,0,0,1,0,0,0,The fun decor of the Camden party palace definitely suits a late-night rendezvous.
0,0,0,0,1,0,0,0,"If you’re indulging in an after-hours party here, rest assured that the atmosphere is buzzy."
0,0,0,0,1,0,0,0,"The Upper Street bar has a tiki theme, a beachy soundtrack and more rum."
0,0,0,0,1,0,0,0,Ideal for some late-night good vibrations.
0,0,0,0,1,0,0,0,Get all blissed out on rum cocktails and feel totally tropical in the faux-Colonial Cuban setting.
0,0,0,0,1,0,0,0,"If you're looking for a touch of glam on your late-night escapades, hit up Oriole in the Smithfields neighbourhood."
0,0,0,0,1,0,0,0,Fabric has established itself as one of the capital's clubbing landmarks – a reputation built through consistently high quality programming that showcases all strands of electronic music underground.
0,0,0,0,1,0,0,0,"Established in 2010, this excellent Shoreditch venue quickly cemented itself as one of the most on-point clubbing spaces and gig venues."
0,0,0,0,1,0,0,0,"A hugely welcome addition to London's music and nightlife ecosystem, this newish two-roomed venue has a fantastic arched main room."
0,0,0,0,1,0,0,0,The bar room also doubles as a second room for club nights.
0,0,0,0,1,0,0,0,"Upstairs is a main bar with a VIP area, while downstairs hosts the dance floor."
0,0,0,0,1,0,0,0,"This Brixton club has a similar feel to XOYO: a sleek, dark dance cavern with plenty of space for dancing, and the programming leans very much towards the leftfield side of dance music, it's quality, underground house, techno, disco and bass all the way. "
0,0,0,0,0,0,0,0,"Surrounded by local and international department stores, boutiques, and mega malls on both the ends, Orchard Road is the most famous spot for best shopping."
0,0,0,0,0,0,0,0,"From budget apparel and electronics to high-end fashion labels and housewares, you can find everything under one roof."
0,0,0,0,0,0,0,0,The area is home to a cluster of famous malls and is tagged as one of the best places for shopping.
0,0,0,0,0,0,0,0,"From local brands to international ones which you may have never heard of, everything can be spotted here at a price you might not have to think about twice."
0,0,0,0,0,0,0,0,All of these stores here are great places for both buying high-end brands and indulging in offbeat shopping.
0,0,0,0,0,0,0,0,This market area is one of the most fascinating and best shopping places for those on a budget. 
0,0,0,0,0,0,0,0,"It is certainly a great place to buy spices, souvenirs, and clothes since all the shops across the road sell it at throwaway prices."
0,0,0,0,0,0,0,0,"From spices and rich sari fabrics to flower garlands, jewellery, and silverware, you can find anything here!"
0,0,0,0,0,0,0,0,"With a store of every brand that you can think of, this place is undoubtedly a paradise for all the Shopaholics."
0,0,0,0,0,0,0,0,"For an extraordinary experience of best street shopping places, the famous narrow street of Haji Lane is the perfect place to be."
0,0,0,0,0,0,0,0,"The cute vintage stores and boutiques in this Arab Quarter offer an interesting mix of clothes, accessories, and vintage cameras."
0,0,0,0,0,0,0,0,"Being a home to high-end brands from across the world, this is the best place to splurge on shopping."
0,0,0,0,0,0,0,0,"There are also a great range of boutique stores, fashion outlets, and malls along this breathtaking quay."
0,0,0,0,0,0,0,0,"One of the largest outlet shopping malls, IMM is a must-visit for every Shopaholic."
0,0,0,0,0,0,0,0,"With over 80 outlet stores, you can easily find local brands like Charles & Keith, and big international labels like COACH, DKNY, and Sacoor here."
0,0,0,0,0,0,0,0,"Apart from the big branded stores, there are also a number of home furnishing shops that offer every essential for your interior designing needs."
0,0,0,0,0,0,0,0,"It is known for being the cheapest market in the country for buying souvenirs, accessories, clothes, electronics, houseware, and cosmetics. "
0,0,0,0,0,0,0,0,"With over 800 stalls here, you can spend hours browsing through the innovative collection, and exploring eateries for a fun and friendly shopping experience."
0,0,0,0,0,0,0,0,"Made-in-Asia wearables, trinkets, Crocs footwear, arts & crafts, carpets, antiques, home furnishings, and the list of things you can buy here is endless."
0,0,0,0,0,0,0,0,"There are five different floors in the plaza catering to clothing, accessories, makeup, gadgets etc."
0,0,0,0,0,0,0,0,It is a perfect place for budget shopping and you can spend hours in shopping.
0,0,0,0,0,0,0,0,"When it comes to shopping, you will find shops like H&M, Zara, Victoria’s Secret, Michael Kors, Dior, MAC, Sephora, Coach, Boss, YSL, Louis Vuitton, Hermes, Gucci, Fendi, Versace, Lush, Levi’s, and Uniqlo."
0,0,0,0,0,0,0,0,Asiatique is a combination of a night market but also a shopping mall as it has both indoor shops (in a renovated 100-year-old sawmill) and open-air stalls.
0,0,0,0,0,0,0,0,Central World opened in 2006 and is the sixth biggest shopping center in the world with eight floors.
0,0,0,0,0,0,0,0,"Two of the four wings consists of department stores, the Zen and Isetan, which both have a huge open area over several floors, containing many different brands. "
0,0,0,0,0,0,0,0,"Shop at brands like Sephora (makeup), Zara, MNG, Miss Selfridge, Max Mara, Lacoste, Coach, Aldo shoes, Rip Curl, Charles & Keith, Toms"
0,0,0,0,0,0,0,0,A good and easy start for your shopping bonanza!
0,0,0,0,0,0,0,0,"Paragon has it’s big Department Store, where lots of different brands are located in a big open area over several floors. "
0,0,0,0,0,0,0,0,"Here they have all kinds of design products, from clothing, jewelry, souvenirs and beauty products."
0,0,0,0,0,0,0,0,"Posh and expensive international brands such as Louis Vuitton, Chanel, Celine, Prada, Gucci, Burberry, Jimmy Choo, Marc Jacobs, Cartier, and Armani."
0,0,0,0,0,0,0,0,"It consists of many small shops, some international brands but many small more unknown brands."
0,0,0,0,0,0,0,0,"It consists of many hip international brands, and you can find an impressive variety of stuff here, everything from housewares to toys, shoes, and clothes."
0,0,0,0,0,0,0,0,"At MBK you can find souvenirs at a cheap price, although don’t expect them to be as high quality as the ones in the department store."
0,0,0,0,0,0,0,0,"The center is packed with small shops and stalls, mostly local brands and designs, and not many international shops."
0,0,0,0,0,0,0,0,"The second floor is all about fashion, clothes, and shoes with less pricey stores like Zara, Armani Exchange, Diesel, Guess, and Calvin Klein. "
0,0,0,0,0,0,0,0,It is the perfect place to shop for gifts and souvenirs to bring back home.
0,0,0,0,0,0,0,0,"The weekend marked is one of the biggest markets in the world, covering more than one km, consisting of more than 15 000 stalls!"
0,0,0,0,0,0,0,0,"Shopping is hard to beat – from areas full of flagship stores, to cobbled courtyards showcasing local designers"
0,0,0,0,0,0,0,0,"Wander along Oxford Street – one of the most famous shopping streets – which is home to more than 300 shops, designer outlets, high-street chains and landmark stores."
0,0,0,0,0,0,0,0,Look for big brands all in one place at famous department stores.
0,0,0,0,0,0,0,0,Grab some bargain fashion at Primark’s massive flagship store.
0,0,0,0,0,0,0,0,"Peruse vintage-inspired threads, home decor and more at Urban Outfitters."
0,0,0,0,0,0,0,0,"Stroll through one of the most elegant shopping streets in London, Regent Street, which offers a good range of mid-priced fashion stores alongside some of the city's oldest and most famous shops."
0,0,0,0,0,0,0,0,Pick up luxury gifts or splash out on something special for yourself.
0,0,0,0,0,0,0,0,Go back in time at the world’s first shopping arcade.
0,0,0,0,0,0,0,0,"Whether you want to splash out on the very best in designer clothes or just love luxury window shopping, Bond Street and Mayfair are the places to go for some extravagant retail therapy and celeb-spotting."
0,0,0,0,0,0,0,0,"Arguably two of the most exclusive shopping areas, they're home to big names and labels you’ve likely seen on runways."
0,0,0,0,0,0,0,0,"Peek inside shops in nearby South Molton Street, which boasts iconic fashion store Browns, or try on quirky accessories at Boudi Fashion."
0,0,0,0,0,0,0,0,"Wander around long-running department store Fenwick for fashion, beauty, homeware and more."
0,0,0,0,0,0,0,0,Westfield’s shopping centres are some of the largest shopping malls in Europe. 
0,0,0,0,0,0,0,0,"You’ll find an intriguing mix of independent boutiques, heritage brands and up-and-coming designer names. "
0,0,0,0,0,0,0,0,"Perhaps you’re on a search for hip fashion, unique gifts, rare sweets or one-off handmade jewellery? Then Covent Garden is a great place to explore. "
0,0,0,0,0,0,0,0,"Stock up on the latest urban streetwear, funky cosmetics and shoes."
0,0,0,0,0,0,0,0,"Find an eclectic mix of chic boutiques, unique labels, designer shops and high-street staples."
0,0,0,0,0,0,0,0,Flock to Knightsbridge and Belgravia to check out high-end shops and department stores.
0,0,0,0,0,0,0,0,"Give in to temptation at the flagship store, a mecca for shopoholics."
0,0,0,0,0,0,0,0,"From market finds to discounts on top brands, Greenwich is a great spot for some retail therapy any day of the week."
0,0,0,0,0,0,0,0,Camden is the ideal shopping destination for lovers of alternative clothing and unusual shops.
0,0,0,0,0,0,0,0,The traffic-free arches now hold concept stores from emerging and well-known indie brands.
0,0,0,0,0,0,0,0,Check out one of the newest kids on the block of shopping destinations.
1,0,0,0,0,0,0,0,"Today, visitors can view a great many ruins from the ancient town, including a well preserved Roman theatre, the Baths of Neptune, remains of the military camp, temples to ancient deities, the forum and even Ostia Synagogue, which is the oldest known synagogue site in Europe."
1,0,0,0,0,0,0,0,"The wealth of history and architecture, including the Bridge of Sighs and the Doge’s apartments, make the Doge’s Palace a fascinating attraction."
1,0,0,0,0,0,0,0,"Beyond a shadow of a doubt, nothing represents the sheer power and magnificence of the Empire like this stunning piece of ancient architecture."
1,0,0,0,0,0,0,0,"One of the best known ancient sites in the world, Pompeii was an ancient city founded in the 6th to 7th century BC"
1,0,0,0,0,0,0,0,Paestum is a Greco site located south of Naples which contains the stunning remains of three ancient Greek temples which still stand tall today.
1,0,0,0,0,0,0,0,"The site also contains impressive defensive walls, a forum, the basic remains of a amphitheatre and a number of ancient tombs. "
1,0,0,0,0,0,0,0,"This is a necessary pilgrimage for history buffs, and the ideal starting point from which to take in the remains of the city."
1,0,0,0,0,0,0,0,"The oldest of fora, the Forum, was once the centre of state ceremony, commerce, law and bureaucracy."
1,0,0,0,0,0,0,0,The Pantheon is the best-preserved ancient building.
1,0,0,0,0,0,0,0,"Look beyond the crown of Queen Victoria and the prodigious codpiece of King Henry VIII, and you’ll find an outstanding example of Norman architecture and the most complete survival of a late eleventh-century fortress palace in Europe."
1,0,0,0,0,0,0,0,"They’re made up of St Martin’s Church, the oldest parish church in continuous use; the atmospheric ruins of St Augustine’s Abbey; and the breathtaking Canterbury Cathedral, whose gothic towers and beautiful stained-glass windows have survived fire, the Restoration and over 1,000 years of daily use. "
1,0,0,0,0,0,0,0,"It's older than the Great Pyramids, and still largely a mystery."
1,0,0,0,0,0,0,0,"Declared a Grade I historic building in 1993, this is a historic gem at the heart of the city that is worth your visit. "
1,0,0,0,0,0,0,0,"Dedicated to worshipping King-Emperor Man Cheong and the Martial God Kwan Tai, the Man Mo temple is one of the oldest temples."
1,0,0,0,0,0,0,0,"Today, this site has been declared a historical monument of Hong Kong, and the original village is now a museum open to the public."
1,0,0,0,0,0,0,0,"One of the very few remaining verandah-type tong lau left, this historic building used to be home to a picture-framer, Suen King-sun."
1,0,0,0,0,0,0,0,"Tung Lung Chau Rock Carving (thought to be around 3,000 years old) is the oldest and largest of its kind."
1,0,0,0,0,0,0,0,It’s an internationally recognised symbol of the city and source of great pride to anyone.
1,0,0,0,0,0,0,0,There really is no excuse not to visit this outstanding achievement of historical preservation.
1,0,0,0,0,0,0,0,The 18th-century grade II-listed mansion building.
1,0,0,0,0,0,0,0,The 1.3-mile-long stunner was the world's largest suspension bridge when it opened in 1883 it has remained an iconic landmark of the city ever since. 
1,0,0,0,0,0,0,0,The statue’s massive pedestal houses an observation deck as well as exhibits detailing the fascinating history.
1,0,0,0,0,0,0,0,"Located on a large roundabout in Plaza de la Independencia, this neoclassical passageway was one of the five ancient entrances to the city."
1,0,0,0,0,0,0,0,The architecture was inspired by sketches made by Bernini.
1,0,0,0,0,0,0,0,You’ll find this iconic spot in the heart of the city’s historic district.
1,0,0,0,0,0,0,0,This is the Nubian treasure and the only Egyptian temple in Spain that is fully preserved
1,0,0,0,0,0,0,0,"At the time of the dam’s construction, the temples comprised one of the most important pilgrimage destinations in Africa, dedicated to the gods Amón and Isis with reliefs and carvings."
1,0,0,0,0,0,0,0,"York Minster is an architectural marvel, and essential for anyone visiting the city."
1,0,0,0,0,0,0,0,"Go inside and you can learn more about the area’s Christian history, from Roman times to the present, in the underground chambers."
1,0,0,0,0,0,0,0,"Like lots of this city’s history, this tower’s name has rather gruesome roots."
1,0,0,0,0,0,0,0,"A narrow, winding, quaint street in it’s historic quarter that draws visitors in droves."
1,0,0,0,0,0,0,0,Many buildings in this street date back to the 14th century and still have butchers’ hooks out front.
1,0,0,0,0,0,0,0,A relic of history from the days of the Iron Curtain and the dread of the ever-ticking Doomsday Clock. 
1,0,0,0,0,0,0,0," If you’re tired of learning about Romans and Vikings, then lose yourself in another chapter of history."
1,0,0,0,0,0,0,0,The ruined Norman keep at the centre of the Castle.
1,0,0,0,0,0,0,0,"With its moving carriages, life-size dioramas and ancient artefacts – including a fossilised Viking poo – it’s a real trip back in time. "
1,0,0,0,0,0,0,0,The church atop Mont-Saint-Michel was built as early as the 8th century.
1,0,0,0,0,0,0,0,It was much later named a UNESCO World Heritage Site.
1,0,0,0,0,0,0,0,"Around the village of Carnac, a gathering of over 3000 megalithic standing stones remain since the pre-Celtic population of Brittany erected them an indeterminate number of millennia ago. "
1,0,0,0,0,0,0,0,"Les Invalides, or Hôtel des Invalides as it was originally known, is a complex of building on the Left Bank of the Seine in with a rich military history. "
1,0,0,0,0,0,0,0,"As you wander through the seemingly endless maze of curious-looking plots, ranging from gothic graves to Haussmann chambers and ancient mausoleums."
1,0,0,0,0,0,0,0,"This winding maze of narrow passages and dark galleries was built centuries ago, out of the old quarries whose stone was used to construct the city."
1,0,0,0,0,0,0,0,"The cathedral is over a thousand years old and was constructed across centuries atop the site of an old temple, whose crypt still remains."
1,0,0,0,0,0,0,0,"Throughout the centuries, the chateau went through many changes in style and ambience."
1,0,0,0,0,0,0,0,This impressive structure was designated as a UNESCO World Heritage Site.
1,0,0,0,0,0,0,0,"Used as a prison since the 12th century, the Tower has played an important part in the history."
1,0,0,0,0,0,0,0,"Another castle built by William the Conqueror, this time in 1068, it was later remodelled in stone in the 12th century."
1,0,0,0,0,0,0,0,At this Castle you can immerse yourself in a thousand years of jaw-dropping history – come rain or shine. 
0,0,0,0,0,0,1,0,"The ultimate date night destination, Chelsea Funhouse is a triple threat. "
0,0,0,0,0,0,1,0,"With croquet and petanque to keep you occupied, it's a perfect way to do a London date night."
0,0,0,0,0,0,1,0,"If you're looking to liven up your couples night out, then Cafe de Paris have a whirlwind weekend of bespoke and glittering events for you to give a go."
0,0,0,0,0,0,1,0,Take your partner to Sky Garden and you're certain to experience a date night with an extra injection of glamour. 
0,0,0,0,0,0,1,0,It's the ultimate romantic affair for couples.
0,0,0,0,0,0,1,0,"An essential visit for any gin-loving couples, this unique experience promises to be the ultimate date night adventure."
0,0,0,0,0,0,1,0,Whether you're celebrating a special occasion or simply shaking up your usual date night.
0,0,0,0,0,0,1,0,Nothing says couples bonding like Bounce unrivalled champions of all things balls and drinking in excess is the perfect place to challenge the Mrs or team up with your fella and give a game of ping pong a go for your fun couples night out. 
0,0,0,0,0,0,1,0,Your September date night is officially sorted. 
0,0,0,0,0,0,1,0,But stick around for the overtly romantic vibes and a stunning sunset.
0,0,0,0,0,0,1,0,"The Bloomsbury Club Bar about as romantic as they come (think bubbles and luxury spirits), you can canoodle under a flittering of fairy lights for a truly romantic evening experience. "
0,0,0,0,0,0,1,0,That's that this is one of the most romantic events. 
0,0,0,0,0,0,1,0,But none as charming as this romantic restaurant atop the city.
0,0,0,0,0,0,1,0,"Tucked away in petite Jehan Rictus garden square, it attracts its fair share of lovebirds each day."
0,0,0,0,0,0,1,0,Don’t forget to lean in for a kiss as you cross under Pont-Marie (on of many lover’s bridges)—it’s tradition.
0,0,0,0,0,0,1,0,Idyllic Rue des Barres—just across from Pont Louis-Phillippe on the Right Bank—is one best enjoyed by couples.
0,0,0,0,0,0,1,0,"Enamored pairs take to the central lawn (surrounded by chestnuts, weeping willows, lilacs, and walnut trees) for picnics and park themselves on benches to watch passing swans."
0,0,0,0,0,0,1,0,Steal a kiss at des Arts.
0,0,0,0,0,0,1,0,"From pretty houses to balconies bursting with flowers, there’s lots of dreamy magic to fall in love with."
0,0,0,0,0,0,1,0,One of my favourite romantic things to do can be found along the Canal Saint-Martin in the 10th arrondissement.
0,0,0,0,0,0,1,0,Come here with your love and compare your literary prowess.
0,0,0,0,0,0,1,0,"Look up coyly from the page you’re each on at the exact same moment and catch each others’ eyes, twinkling…it’s all very romantic and cute."
0,0,0,0,0,0,1,0,"Once a ‘love hotel’, this cute boutique hotel has a great restaurant housed in the prettiest greenhouse, complete with chairs coloured the deepest of reds (the colour of love). "
0,0,0,0,0,0,1,0,You will have found the most romantic spot in the city.
0,0,0,0,0,0,1,0,You’ll be the cool guy or girl if you book a table and bring your date here.
0,0,0,0,0,0,1,0,This hotspot for romantics is found on the lake where you can hire a row boat and sail your love out to the Temple of Love in the middle of the water.
0,0,0,0,0,0,1,0,"If you’re looking for that romantic, old-world Paris, fancy kind of restaurant for a special date, look no further than this 17th-century townhouse."
0,0,0,0,0,0,1,0,"Get ready to take lots of unique romantic shots, and have a blast exploring this tree house!"
0,0,0,0,0,0,1,0,"It’s pretty intense on the romance factor, seeing as you two will spend the night on a raised rooftop platform – feeling like you’re isolated from the rest of the world, just enjoying the beauty and serenity of the night together."
0,0,0,0,0,0,1,0,Definitely a place to bring your date and charm her.
0,0,0,0,0,0,1,0,Romance your lover while being surrounded by nature.
0,0,0,0,0,0,1,0,Feel the love in the air as you romance your beloved among beautiful greenery and relaxing by the swimming fish accompanied with delicious food.
0,0,0,0,0,0,1,0,Let your date be enamored by the romantic ambiance of the restaurant.
0,0,0,0,0,0,1,0,"Sala Rattanakosin, a vibrant and luxurious place with 15 stylish guest rooms in the city offers a romantic dining option – overlooking the beautiful ChaoPhraya river and historical temple of Dawn called Wat Arun."
0,0,0,0,0,0,1,0,Which provides the perfect backdrop for a perfect date night!
0,0,0,0,0,0,1,0,"If you’re celebrating anything from proposals to anniversaries, this might be the perfect place to do your thing!"
0,0,0,0,0,0,1,0,Ready to go on a dining adventure with your S/O?
0,0,0,0,0,0,1,0,"For brave-hearted couples, we recommend picking “surprise”!"
0,0,0,0,0,0,1,0,One longstanding romantic activity that cannot be missed is the delightful afternoon tea.
0,0,0,0,0,0,1,0,Cuddle up on the plush round sofas and literally watch the world go by through large glass windows while 60 storeys high.
0,0,0,0,0,0,1,0,Get a first-hand Thai history lesson (it’s actually a pretty romantic little exploration to go on together!).
0,0,0,0,0,0,1,0,Go back to the 90s and relax with your date at Baan Bangsaen. 
0,0,0,0,0,0,1,0,"There’s always that one date the lead actors go on – where they pedal in water bikes on the river, and look like they’re having a ton of fun and sweet moments?"
0,0,0,0,0,0,1,0,A romantic Japanese onsen bath for two?
0,0,0,0,0,0,1,0,"Here’s the good news, Kashikiri offers private experiences for couples too!"
0,0,0,0,0,0,1,0,As you enjoy the experience together in your private room.
0,0,0,0,0,0,1,0,Get the ultimate in relaxation with a couples massage at Chi.
0,0,0,0,0,0,1,0,"For a romantic night in the clouds, CRU is a heavenly abode!"
0,0,0,0,0,0,1,0,"For the city's best and most romantic view, you cannot top the Moon Bar"
0,0,0,0,0,0,1,0,Going to the movies doesn't get more romantic than snuggling in at the Embassy Diplomat.
0,0,0,0,0,0,1,0,"For discerning champagne lovers who want something both romantic, intimate, and exclusive, head for one of Bangkok's hidden gems, located up on the top of the prestigious Waldorf Astoria Hotel."
0,0,0,0,0,0,1,0,"For sumptuous cuisine in a romantic river spot, Supanniga Cruise is as amorous as it gets."
0,0,0,0,0,0,1,0,For something truly special for you and your partner.
0,0,0,0,0,0,1,0,A couples’ spa is probably the most popular activity for lovebirds to enjoy together.
0,0,0,0,0,0,1,0,It's a lovely space to spend a few hours together as a couple. 
0,0,0,0,0,0,1,0,"You and your loved one can have your very own cooking class here with a master chef, so you can be as silly or romantic as you like without worrying about other students. "
0,0,0,0,0,0,1,0,It gives a more intimate and romantic experience.
0,0,0,0,0,0,1,0,However you can still enjoy a romantic evening surrounded by other couples.
0,0,0,0,0,0,1,0,"The perfect couple getaway is all about spending some quality time together, sharing special moments and experiencing new things together and be sure dear fellow little lovebirds."
0,0,0,0,0,0,1,0,Exploring a new city is always exciting and even more fun when doing it together with your loved one!
0,0,0,0,1,0,0,0,"This nightclub pulls in ravers from across the capital with up-and-coming dance talent and a cool, industrial-style vibe."
0,0,0,0,1,0,0,0,The intimate venue is an excellent club and live music space.
0,0,0,0,1,0,0,0,"This enormous hangar-style space is 6,000 square feet of fun and was one of the most impressive and exciting additions to London nightlife when it opened."
0,0,0,0,1,0,0,0,There's a bar for casual drinks and a disco room downstairs for dancing and other shenanigans.
0,0,0,0,1,0,0,0,"Come night time, it turns into a nightlife playground where you can rave the night away to a blaring mix of Balearic house, beach boogie and sunshine soul."
0,0,0,0,1,0,0,0,"Priding itself as the biggest nightclub in the city, the indoor adult playground stretches over 2,300-square-metres across three floors with sky-high ceilings that tower up to 30 metres, and features a giant indoor Ferris wheel that offers revellers an unparalleled view of the nightclub"
0,0,0,0,1,0,0,0,The club is known for throwing some incredible parties DJ’d by local and international names
0,0,0,0,1,0,0,0,"Music genres range from nu disco to house, and dance hip-hop to afro-Latin."
0,0,0,0,1,0,0,0,"Here, you can roll on the good times to a soundtrack of hip-hop, techno, reggae or dub. "
0,0,0,0,1,0,0,0,The new drinking den switches into club mode with a roster of DJs.
0,0,0,0,1,0,0,0,"Show off your best moves on the dancefloor as you groove to a mix of pop, rock, hip-hop, R&B, alternative and dance hits from the 90s to now."
0,0,0,0,1,0,0,0,"A cool kid's cave, Cherry Discotheque is the epitome of underground parties."
0,0,0,0,1,0,0,0,"Nonetheless, the only-opened-on-Fridays-and-Saturdays club continues to promise a wild and fun night every time."
0,0,0,0,1,0,0,0,"This longest-running, icon of a nightclub first opened its doors to revellers back in 1991, famously championing and propelling the dance music movement throughout."
0,0,0,0,0,0,0,1,"The area is so well bestowed with countryside walks, that it’s got it’s own festival dedicated to hillside strolling. "
0,0,0,0,0,0,0,1,"Whether you want to wander the pretty woodland walks, scale the sandstone crags of Harrison’s Rocks, or pedal along the 22km of cycle tracks in Bedgebury Forest, High Weald packs a lot into its patch of south east England. "
0,0,0,0,0,0,0,1,A pretty patch of verdant countryside that’s surprisingly easy to reach.
0,0,0,0,0,0,0,1,The area goes big on walking and trail running – both of which make the most of outstanding scenery. 
0,0,0,0,0,0,0,1,"Bike routes – such as the Great Stour Way and the Perry Woods Cycle Trail near Canterbury – offer paved, car-free paths through the countryside, while well-trodden rambling paths allow walkers to immerse themselves in nature. "
0,0,0,0,0,0,0,1,"Nature-lovers should make a bee-line for the Medway Gap, just south of Rochester, famed for its orchids, wild poppies, dormice, birds, and butterflies."
0,0,0,0,0,0,0,1,"Gentle rolling hills dotted with orchids, orchards and long winding rivers. "
0,0,0,0,0,0,0,1,"Get in touch with nature in Cranborne Chase, with its remote downland, ancient forests and winding streams."
0,0,0,0,0,0,0,1,"Located a short ways from the city is Broga Hill, a popular hiking trail suitable for casual hikers, nature lovers and trail runners."
0,0,0,0,0,0,0,1,"Some attractions include nature trails, a herbal garden, a canopy walk and a timber product gallery."
0,0,0,0,0,0,0,1,River Safari is the ideal outdoor spot for the entire family.
0,0,0,0,0,0,0,1,"Whether you’re a nature lover or simply looking for a change of scenery for your weekend walk, you can choose between three nature trails to soak up the views of the Sungei Buloh Wetland Reserve."
0,0,0,0,0,0,0,1,Oldest and most popular nature park with lush rainforest bordering the country’s first reservoir and the Central Catchment Nature Reserve.
0,0,0,0,0,0,0,1,"Open 24/7, this scenic multi-recreational park makes the perfect sanctuary for nature lovers."
0,0,0,0,0,0,0,1,"Surrounded by exotic foliage, it's home to various outdoor and indoor gardens."
0,0,1,1,0,0,0,1,"Being so accessible, the gardens are ideal for a picnic or even just somewhere different to eat your workday lunch."
0,1,0,0,0,0,0,1,"This winding stretch of road provides ample opportunity to reconnect with the ocean, the bush and the sounds and sights of nature whether driving, walking, horseriding, surfing, sailing or cycling"
0,0,1,0,0,0,0,0,"The ice cave is the first of its kind in Australia, and hot/cold therapy is a well-regarded method to reduce inflammation, stress and soreness in the body "
0,0,0,1,1,0,0,0,Get right up and sweaty at the foot of the stage or sit back and sample the menu of delicious eats and the extensive range of drinks on offer.
1,0,0,1,0,0,0,1,"Checking out the work of local artists in the galleries, the gorgeous animals at the Collingwood Children's Farm, and going for a vegetarian feast at Lentil as Anything, the restaurant run by volunteers where you pay what you feel the meal is worth."
1,0,0,1,0,1,0,0,"This Diagon Alley-looking laneway boasts great food, shopping and some of the best street art. "
1,0,1,0,0,0,0,1,"You can take a stroll around the park and take in the natural landscape and historic sites, which are located throughout the gardens. "
1,0,0,0,0,0,0,0,It's a world-class comedy festival 
0,1,1,0,0,0,0,1,"This alpine region is great for skiers and snow bunnies in winter, and in the warmer months the resort is an ideal day-trip destination for bushwalking, mountain biking, cycling, trail running, leisurely picnics and nature walks."
0,0,0,1,0,1,0,0,"Even the arcade's retailers are full of fancy chocolate shops, old-fashioned tea rooms, jewellers, watchmakers and more."
0,0,0,1,1,0,0,0,Nighttime city dwellers will no longer have to resort to a greasy kebab or a mysteriously long-lasting burger from the golden arches.
0,0,1,1,0,0,0,1,"With beaches, wineries, parks, gardens and spas"
0,1,1,1,1,0,0,1,"Hotham has 320 hectares of ski terrain, 18 restaurants and bars, and even a luxe day spa."
1,0,1,0,0,0,0,1," Once you’ve completed your encounter with contemporary artists inside the gallery, head out to Heide's green sculpture park, tip your hat to the corrugated iron cows and find a spot near the riverbank."
0,0,0,0,0,0,1,1,"There are plenty of activities for families, couples and solo visitors, including a wildlife parks full of native animals and of course, the nightly penguin parade."
1,0,0,0,0,0,0,0,"An annual feast of theatre, dance, visual art, music and events from all over the world."
1,0,0,0,0,1,0,0,"Exploring its ten storeys is an unparalleled shopping adventure: you’ll find boutique retailers, jewellers, art studios and bespoke tailors."
0,0,0,1,1,0,0,0,It is now home to a wealth of exciting restaurants and bars.
1,0,0,0,0,1,0,0,"We love our art galleries, we love our markets, but most of all we love it when art galleries host markets."
